Time,NVMe_from_ceph,NVMe_from_transfer,NVMe_total_util,CPU,CPU_count,Goodput,Memory_total,Memory_used,NIC_speed,Packet_losses,Storage_count,network_throughput,num_workers
2020-11-07 06:40:22.289999962,0.0,1836431.45404572,0.015351612254919598,1.5234966816315314,12.0,0.0,8589934592.0,39530496.0,100000000000.0,0.6703760809814306,8.0,7879195.079439566,8
2020-11-07 06:40:37.289999962,0.0,194909252.26666665,0.537199999999575,1.8106666666688398,12.0,361730679.6453097,8589934592.0,474628096.0,100000000000.0,3.6666666666666665,8.0,194217109.26666668,8
2020-11-07 06:40:52.289999962,0.0,637480786.6142257,1.6826211585893052,2.683687754153604,12.0,577619046.4,8589934592.0,474628096.0,100000000000.0,12.599160055996267,8.0,635861071.7952137,8
2020-11-07 06:41:07.289999962,0.0,536132237.0824722,1.40949396626415,2.51430095339115,12.0,603658376.5333333,8589934592.0,474914816.0,100000000000.0,11.867457830522035,8.0,536519562.5041669,8
2020-11-07 06:41:22.289999962,0.0,576054715.539494,1.555433660299847,2.646360351060742,12.0,604616123.7333333,8589934592.0,474914816.0,100000000000.0,10.518843572534847,8.0,597061903.0717604,8
2020-11-07 06:41:37.289999962,0.0,601307484.0399863,1.760634264047163,5.500172354367949,12.0,615442499.0333978,8589934592.0,475086848.0,100000000000.0,13.581523612547397,8.0,608631958.3591864,8
2020-11-07 06:41:52.289999962,0.0,627295528.974937,1.6715289749371942,2.84020686910732,12.0,494518003.86640894,8589934592.0,475086848.0,100000000000.0,12.995623922556689,8.0,629828226.2299429,8
2020-11-07 06:42:07.289999962,0.0,473918567.10014755,1.269204987263295,2.3692183938904816,12.0,483533646.6195493,8589934592.0,475140096.0,100000000000.0,10.658265183000402,8.0,477076420.36466014,8
2020-11-07 06:42:22.289999962,0.0,470734198.6473942,1.2789417849089664,2.4039252088605574,12.0,583277928.809492,8589934592.0,475140096.0,100000000000.0,11.802148256199443,8.0,469810994.8945763,8
2020-11-07 06:42:37.289999962,0.0,615752610.846685,1.6701079305490694,2.679225045242893,12.0,617436086.9449259,8589934592.0,475140096.0,100000000000.0,11.798619025273178,8.0,618599956.9618556,8
2020-11-07 06:42:52.289999962,0.0,593255628.8,1.602933333333446,2.6800000000007764,12.0,583004215.9712038,8589934592.0,472879104.0,100000000000.0,14.133333333333333,8.0,605796469.2,8
2020-11-07 06:43:07.289999962,0.0,603553149.790014,1.6633557762818996,2.60035997600548,12.0,580525659.4212562,8589934592.0,472879104.0,100000000000.0,13.06579561362576,8.0,606491865.5422972,8
2020-11-07 06:43:22.289999962,0.0,537027106.1333334,1.5065333333329665,2.519999999999224,12.0,466243959.4666667,8589934592.0,474664960.0,100000000000.0,15.266666666666667,8.0,529758203.0,8
2020-11-07 06:43:37.289999962,0.0,467699848.5333334,1.2644666666667035,2.437333333340939,12.0,565892164.2666667,8589934592.0,473542656.0,100000000000.0,11.533333333333333,8.0,495645438.73333335,8
2020-11-07 06:43:52.289999962,0.0,591405650.6463373,1.5957573748764353,2.6112031819625154,12.0,631666312.5333334,8589934592.0,473542656.0,100000000000.0,13.19191249585681,8.0,590858709.711634,8
2020-11-07 06:44:07.289999962,0.0,859625548.0756336,2.6817755129403187,3.2259621831789023,12.0,943524522.6666665,8589934592.0,475250688.0,100000000000.0,5.632291806356443,8.0,874759586.2277055,8
2020-11-07 06:44:22.289999962,0.0,1008618907.0061997,3.447903473101656,3.557629491374071,12.0,986204330.6666667,8589934592.0,475250688.0,100000000000.0,0.13332444503699753,8.0,1034479047.1968536,8
2020-11-07 06:44:37.289999962,0.0,1045692142.9333332,3.5327333333332107,3.5426666666637177,12.0,1115494263.4666667,8589934592.0,475361280.0,100000000000.0,0.9333333333333333,8.0,1052676485.2,8
2020-11-07 06:44:52.289999962,0.0,1077320094.4062939,3.560704046936655,3.801720114668413,12.0,929041612.8,8589934592.0,475361280.0,100000000000.0,0.20001333422228149,8.0,1090965376.2250817,8
2020-11-07 06:45:07.289999962,0.0,958650292.9125506,3.105284094675853,3.3344825300125494,12.0,1081830877.8666668,8589934592.0,475111424.0,100000000000.0,2.2541934628389577,8.0,964199292.9125506,8
2020-11-07 06:45:22.289999962,0.0,950570749.6145338,3.2547429107731527,3.5547362070044857,12.0,959003852.8000002,8589934592.0,475111424.0,100000000000.0,0.40222564858885834,8.0,916120208.0176979,8
2020-11-07 06:45:37.289999962,0.0,1042218885.6742884,3.363042463835779,3.5849610026049485,12.0,1034478387.2,8589934592.0,475131904.0,100000000000.0,0.599960002666489,8.0,1087951803.479768,8
2020-11-07 06:45:52.289999962,0.0,1051972629.6419761,3.5374358290555725,3.662377491829064,12.0,1069167957.3333334,8589934592.0,475131904.0,100000000000.0,0.0,8.0,1075135836.9891326,8
2020-11-07 06:46:07.289999962,0.0,1052195771.7333333,3.384733333332891,3.6846666666601475,12.0,1031076958.9403973,8589934592.0,474869760.0,100000000000.0,0.3333333333333333,8.0,1065787105.4,8
2020-11-07 06:46:22.289999962,0.0,1042283724.7999998,3.4702666666664292,3.61866666667241,12.0,1069545595.704698,8589934592.0,474869760.0,100000000000.0,1.2666666666666666,8.0,1049732338.7333333,8
2020-11-07 06:46:37.289999962,0.0,1066002568.5333334,3.4194000000000715,3.7619999999956546,12.0,1004653294.9333333,8589934592.0,474800128.0,100000000000.0,0.06666666666666667,8.0,1086606727.7333333,8
2020-11-07 06:46:52.289999962,0.0,982528819.1999999,3.2153333333335468,3.514000000001397,12.0,1034376533.3333333,8589934592.0,474800128.0,100000000000.0,1.9333333333333333,8.0,998616315.1333333,8
2020-11-07 06:47:07.289999962,0.0,1062362589.8666667,3.4984666666668396,3.5886666666755143,12.0,1058693597.8666668,8589934592.0,475029504.0,100000000000.0,1.3333333333333333,8.0,1068591462.8666667,8
2020-11-07 06:47:22.289999962,0.0,1061560593.0666665,3.5770666666666027,3.649333333324951,12.0,1059216588.8000001,8589934592.0,475029504.0,100000000000.0,0.06666666666666667,8.0,1067985356.3333334,8
2020-11-07 06:47:37.289999962,0.0,905300577.3662825,2.800173183240993,3.2960767334979457,12.0,893280607.3117132,8589934592.0,474882048.0,100000000000.0,1.3987877173116632,8.0,914593112.9687604,8
2020-11-07 06:47:52.289999962,0.0,1051376900.9874566,3.567787563384416,3.62449959968254,12.0,1068908933.2621462,8589934592.0,474882048.0,100000000000.0,0.06672004270082733,8.0,1064267991.5932746,8
2020-11-07 06:48:07.289999962,0.0,1044973158.4,3.2970666666667965,3.629333333329608,12.0,1043500751.7834522,8589934592.0,475267072.0,100000000000.0,0.2,8.0,1051336565.7333333,8
2020-11-07 06:48:22.289999962,0.0,1063921527.4666667,3.528133333333244,3.664666666664804,12.0,1039521928.5333333,8589934592.0,475267072.0,100000000000.0,0.0,8.0,1070568652.7333333,8
2020-11-07 06:48:37.289999962,0.0,813663654.3177148,2.6616740672010484,3.1295645834720203,12.0,817730478.4376459,8589934592.0,474996736.0,100000000000.0,0.7290078865398635,8.0,808509849.6918285,8
2020-11-07 06:48:52.289999962,0.0,989869230.5009724,3.312252699349909,3.483870967748025,12.0,712129352.8038942,8589934592.0,474996736.0,100000000000.0,0.20119374958084635,8.0,1004672082.1541145,8
2020-11-07 06:49:07.289999962,0.0,310088226.1333333,1.0005999999996371,1.8486666666615446,12.0,275439923.20000005,8589934592.0,474398720.0,100000000000.0,807.2,8.0,325487526.46666664,8
2020-11-07 06:49:22.289999962,0.0,282180510.1673445,0.9339955997070118,1.9189279285310523,12.0,252853998.93333334,8589934592.0,474398720.0,100000000000.0,129.00860057337155,8.0,268963828.45523036,8
2020-11-07 06:49:37.289999962,0.0,244714427.73333335,0.8723333333327901,1.9766666666682187,12.0,279002282.6666667,8589934592.0,474398720.0,100000000000.0,862.2,8.0,264175548.0,8
2020-11-07 06:49:52.289999962,0.0,337962604.4786008,1.1451570160330922,2.077116735128854,12.0,326919833.07779485,8589934592.0,474316800.0,100000000000.0,97.8534517026633,8.0,344444544.9185107,8
2020-11-07 06:50:07.289999962,0.0,245094781.243711,0.7886898772387326,1.9142684644777441,12.0,220441755.31702113,8589934592.0,474255360.0,100000000000.0,153.4849399610921,8.0,253958036.62708795,8
2020-11-07 06:50:22.289999962,0.0,269588293.6195746,0.8959930662040702,1.953596906456395,12.0,290439441.06666666,8589934592.0,474255360.0,100000000000.0,92.00613374224947,8.0,308061434.6289753,8
2020-11-07 06:50:37.289999962,0.0,287988037.06419575,0.9738017465507267,1.9824011732577547,12.0,287866982.4,8589934592.0,474701824.0,100000000000.0,113.65908939404041,8.0,285806430.4379708,8
2020-11-07 06:50:52.289999962,0.0,231041979.73333332,0.7908666666665037,1.8626666666668221,12.0,243299396.26666668,8589934592.0,474701824.0,100000000000.0,275.2,8.0,235506528.93333334,8
2020-11-07 06:51:07.289999962,0.0,227065068.56419224,0.802086474099731,1.8798769824524695,12.0,219837017.7988134,8589934592.0,474722304.0,100000000000.0,431.82777543267207,8.0,243991366.82144368,8
2020-11-07 06:51:22.289999962,0.0,306591873.59320265,1.0253409853177835,1.9420138630118706,12.0,275171240.7493833,8589934592.0,474722304.0,100000000000.0,248.63978534694792,8.0,290011751.21115005,8
2020-11-07 06:51:37.289999962,0.0,212749243.73333332,0.7097999999995712,1.7866666666658908,12.0,204262365.8666667,8589934592.0,474988544.0,100000000000.0,341.1333333333333,8.0,232635214.73333332,8
2020-11-07 06:51:52.289999962,0.0,205980545.9030602,0.7291819454631454,1.8835922394832534,12.0,239642760.53333333,8589934592.0,474988544.0,100000000000.0,1059.0706047069805,8.0,222792327.82185477,8
2020-11-07 06:52:07.289999962,0.0,291405876.1437475,0.9914467577245284,1.9338284047253367,12.0,292645410.1333333,8589934592.0,474484736.0,100000000000.0,293.86023073862884,8.0,292946465.65442246,8
2020-11-07 06:52:22.289999962,0.0,296483519.8069576,1.0240632750185714,2.0672967356977194,12.0,233706837.33333334,8589934592.0,474484736.0,100000000000.0,378.17548093035725,8.0,317501770.4269723,8
2020-11-07 06:52:37.289999962,0.0,233022558.17651734,0.7957195865357934,1.8510469122721736,12.0,273220130.1333333,8589934592.0,474165248.0,100000000000.0,646.832759077657,8.0,214073759.47521865,8
2020-11-07 06:52:52.289999962,0.0,198713839.13597637,0.6998054605217053,1.7874823908240405,12.0,176170973.86666667,8589934592.0,474165248.0,100000000000.0,335.9495539008519,8.0,223121539.07560205,8
2020-11-07 06:53:07.289999962,0.0,223738914.4723685,0.7449503366444178,1.8050796613563749,12.0,226464290.13333333,8589934592.0,474406912.0,100000000000.0,783.8144123725085,8.0,228217871.67522165,8
2020-11-07 06:53:22.289999962,0.0,176449989.5274077,0.611188440378984,1.7688075826864642,12.0,169268112.83030882,8589934592.0,474406912.0,100000000000.0,49.313978922250946,8.0,181349766.88539803,8
2020-11-07 06:53:37.289999962,0.0,234712446.3519313,0.7532188841204137,1.7862124463497455,12.0,273314804.8968171,8589934592.0,473714688.0,100000000000.0,689.2435622317596,8.0,241142246.98229614,8
2020-11-07 06:53:52.289999962,0.0,366146355.2,1.2380666666666609,2.1133333333341096,12.0,667716876.4749017,8589934592.0,473714688.0,100000000000.0,531.7333333333333,8.0,377885353.8,8
2020-11-07 06:54:07.289999962,0.0,1068965074.8616759,3.542163855742858,3.6736217585556386,12.0,1057230059.6039736,8589934592.0,474771456.0,100000000000.0,0.0,8.0,1075494740.1506567,8
2020-11-07 06:54:22.289999962,0.0,970674995.2,3.245066666666389,3.477999999991152,12.0,993224328.5333333,8589934592.0,474771456.0,100000000000.0,0.4666666666666667,8.0,976814256.8,8
2020-11-07 06:54:37.289999962,0.0,1077034120.9992712,3.5833278112785485,3.803459015313771,12.0,1049408524.7650156,8589934592.0,474550272.0,100000000000.0,0.0,8.0,1097381103.041548,8
2020-11-07 06:54:52.289999962,0.0,952410524.6495404,3.115165336373969,3.382654772287383,12.0,932104516.8344555,8589934592.0,474550272.0,100000000000.0,0.6707357971694949,8.0,937758323.4288013,8
2020-11-07 06:55:07.289999962,0.0,1017674137.6,3.3416666666669093,3.531333333323709,12.0,1013663061.3333333,8589934592.0,475160576.0,100000000000.0,0.2,8.0,1055064961.1333333,8
2020-11-07 06:55:22.289999962,0.0,1016632170.1446762,3.4068271218080097,3.5737049136677403,12.0,1042831667.2,8589934592.0,475160576.0,100000000000.0,4.333622241482765,8.0,1023024376.0917394,8
2020-11-07 06:55:37.289999962,0.0,1054459375.2416505,3.528698086794045,3.674288380777564,12.0,1040854766.9333334,8589934592.0,474193920.0,100000000000.0,0.0,8.0,1060682888.7407507,8
2020-11-07 06:55:52.289999962,0.0,1027739601.8555334,3.3768721007286198,3.6878727634151627,12.0,1037081560.9885377,8589934592.0,474193920.0,100000000000.0,0.1988071570576541,8.0,1051338176.2094102,8
2020-11-07 06:56:07.289999962,0.0,979867591.683434,3.1798122065735055,3.4755197853814384,12.0,969980170.3897499,8589934592.0,474927104.0,100000000000.0,1.0731052984574112,8.0,985439355.0637156,8
2020-11-07 06:56:22.289999962,0.0,993456947.2,3.2887333333327353,3.510666666661079,12.0,1022268996.2666668,8589934592.0,474927104.0,100000000000.0,1.6666666666666667,8.0,998885114.1333333,8
2020-11-07 06:56:37.289999962,0.0,1065273207.4666666,3.508000000000175,3.6253333333336437,12.0,1035649843.2,8589934592.0,474652672.0,100000000000.0,0.0,8.0,1082788661.0666666,8
2020-11-07 06:56:52.289999962,0.0,1040397926.4,3.3749333333335625,3.6633333333379894,12.0,1054413892.2666667,8589934592.0,474652672.0,100000000000.0,0.6,8.0,1057274663.7333333,8
2020-11-07 06:57:07.289999962,0.0,984348025.7277368,3.183475896823712,3.4751011206159617,12.0,893914687.1604612,8589934592.0,475291648.0,100000000000.0,0.0,8.0,997397252.3705325,8
2020-11-07 06:57:22.289999962,0.0,874124784.5555706,2.9005898914061534,3.214505965942339,12.0,943247994.6341136,8589934592.0,475291648.0,100000000000.0,1.8098940876793137,8.0,852164926.1965412,8
2020-11-07 06:57:37.289999962,0.0,1067543483.7333335,3.4185333333334706,3.5986666666731852,12.0,1072020185.3704072,8589934592.0,473825280.0,100000000000.0,1.0666666666666667,8.0,1100706651.2,8
2020-11-07 06:57:52.289999962,0.0,844106661.6892208,2.8189454036395323,2.987000866596476,12.0,760842581.3333334,8589934592.0,473825280.0,100000000000.0,0.1999866675554963,8.0,845543514.8990067,8
2020-11-07 06:58:07.289999962,0.0,670377210.2140143,2.1739449296624604,2.8229881992272516,12.0,543165644.8,8589934592.0,473862144.0,100000000000.0,0.06667111140742715,8.0,691266021.1347423,8
2020-11-07 06:58:22.289999962,0.0,379883364.5642502,1.1987045276103294,2.0571839832417753,12.0,404297693.8666666,8589934592.0,473862144.0,100000000000.0,0.0,8.0,380885210.1544098,8
2020-11-07 06:58:37.289999962,0.0,443476538.96853983,1.4199225385611522,2.066046069170599,12.0,389697809.0666666,8589934592.0,474836992.0,100000000000.0,0.3397431541754434,8.0,445443199.0894883,8
2020-11-07 06:58:52.289999962,0.0,812577145.6763784,2.653443562903646,3.049003266887719,12.0,860037401.2399174,8589934592.0,474836992.0,100000000000.0,0.0,8.0,823944946.5297686,8
2020-11-07 06:59:07.289999962,0.0,834323335.2443172,2.6513565762288063,3.172321845211405,12.0,1034241263.0175345,8589934592.0,474787840.0,100000000000.0,4.066395573628425,8.0,849817415.0389974,8
2020-11-07 06:59:22.289999962,0.0,1043464943.5295686,3.4312287485827633,3.5770384692295742,12.0,1046689655.4666666,8589934592.0,474787840.0,100000000000.0,0.6000400026668444,8.0,1049558985.7323822,8
2020-11-07 06:59:37.289999962,0.0,1015682883.6469653,3.377816061489475,3.4817121653854803,12.0,1023471104.0,8589934592.0,474787840.0,100000000000.0,0.46382189239332094,8.0,1021722350.3180493,8
2020-11-07 06:59:52.289999962,0.0,1043744538.7349924,3.5227044067344604,3.569119323898473,12.0,1009519351.8123667,8589934592.0,475168768.0,100000000000.0,0.0670735797169495,8.0,1057274314.3067945,8
2020-11-07 07:00:07.289999962,0.0,1045229294.9333333,3.4880666666664184,3.5853333333313153,12.0,1053555851.3973187,8589934592.0,474578944.0,100000000000.0,2.3333333333333335,8.0,1051284527.4,8
2020-11-07 07:00:22.289999962,0.0,1035485130.4753649,3.4081605440361877,3.561037402496294,12.0,1021513289.1526101,8589934592.0,474578944.0,100000000000.0,0.0,8.0,1041981857.0571371,8
2020-11-07 07:00:37.289999962,0.0,1060714970.6408643,3.5186559745510473,3.867188017758352,12.0,1027839214.9333333,8589934592.0,474578944.0,100000000000.0,0.2650937769235867,8.0,1074204285.9036384,8
2020-11-07 07:00:52.289999962,0.0,1033426952.7896994,3.268978004292048,3.5867757510770213,12.0,1085714978.1333334,8589934592.0,475299840.0,100000000000.0,3.554184549356223,8.0,1039665791.5101931,8
2020-11-07 07:01:07.289999962,0.0,1040076800.0,3.3367333333332985,3.993999999994412,12.0,1011956804.2666667,8589934592.0,475115520.0,100000000000.0,0.13333333333333333,8.0,1046379069.2666667,8
2020-11-07 07:01:22.289999962,0.0,1070042382.5588373,3.4642976198412785,3.6990466031101334,12.0,1061728802.1333336,8589934592.0,475115520.0,100000000000.0,1.8667911194079605,8.0,1076287306.0870724,8
2020-11-07 07:01:37.289999962,0.0,937296737.0175322,3.0466635557630384,3.2696486900898107,12.0,946144960.4452395,8589934592.0,475078656.0,100000000000.0,5.532964469035398,8.0,942913911.2725818,8
2020-11-07 07:01:52.289999962,0.0,1062690118.541236,3.434162277484803,3.7023801586758482,12.0,1008664248.4738714,8589934592.0,475078656.0,100000000000.0,0.0,8.0,1069087394.6929795,8
2020-11-07 07:02:07.289999962,0.0,950005231.6512234,3.2585160989273048,3.384974335041692,12.0,1021116381.8666667,8589934592.0,475168768.0,100000000000.0,0.1999866675554963,8.0,955988870.4753016,8
2020-11-07 07:02:22.289999962,0.0,1079202165.1571658,3.605287693126767,3.7065796483730504,12.0,1078565546.6666667,8589934592.0,475168768.0,100000000000.0,0.7325519445924348,8.0,1093059455.8470964,8
2020-11-07 07:02:37.289999962,0.0,1055120899.5685364,3.4625954198476143,3.6442084301402504,12.0,1048292590.9333333,8589934592.0,475168768.0,100000000000.0,0.39827414537006306,8.0,1061768494.1254563,8
2020-11-07 07:02:52.289999962,0.0,1010755470.4738925,3.2130839868624914,3.5379046853040568,12.0,1017151488.0,8589934592.0,474763264.0,100000000000.0,0.6032575909913533,8.0,1024072496.9501977,8
2020-11-07 07:03:07.289999962,0.0,1047229691.5794386,3.58903926928452,3.6077071804783887,12.0,1025774732.0434668,8589934592.0,475344896.0,100000000000.0,0.40002666844456297,8.0,1033257591.9727981,8
2020-11-07 07:03:22.289999962,0.0,994311666.6004107,3.285099052540574,3.524415291857924,12.0,1005635260.0536193,8589934592.0,475344896.0,100000000000.0,3.776585171934009,8.0,1029507753.263102,8
2020-11-07 07:03:37.289999962,0.0,1044428617.9647145,3.482793318575754,3.7140940497704316,12.0,901012667.200427,8589934592.0,474517504.0,100000000000.0,3.555376668679144,8.0,1069204012.410277,8
2020-11-07 07:03:52.289999962,0.0,989323413.0533178,3.279487643704106,3.4901783289574557,12.0,1074554362.0976877,8589934592.0,474517504.0,100000000000.0,2.3988413143839957,8.0,1002355240.1104372,8
2020-11-07 07:04:07.289999962,0.0,962393196.9141268,3.2510433792839653,3.749336031359018,12.0,1010687692.656573,8589934592.0,475246592.0,100000000000.0,0.7588212975844189,8.0,1001945248.7669154,8
2020-11-07 07:04:22.289999962,0.0,1037718596.2666667,3.469133333333108,3.57133333334156,12.0,1057944098.1333334,8589934592.0,474484736.0,100000000000.0,0.4666666666666667,8.0,1044065602.2666667,8
2020-11-07 07:04:37.289999962,0.0,1047603336.5333333,3.5338666666670173,3.639999999998448,12.0,1024362779.0147325,8589934592.0,474484736.0,100000000000.0,0.4,8.0,1053081290.1333333,8
2020-11-07 07:04:52.289999962,0.0,971702608.4405627,3.338089205947017,3.4163610907393824,12.0,1004743693.3128875,8589934592.0,474484736.0,100000000000.0,0.0,8.0,977805531.7021134,8
2020-11-07 07:05:07.289999962,0.0,1049246750.6995336,3.4837441705530363,3.600266489004846,12.0,919086421.3333333,8589934592.0,475303936.0,100000000000.0,0.0,8.0,1055428963.5576283,8
2020-11-07 07:05:22.289999962,0.0,945437730.9052099,3.1386832099256914,3.31518911346544,12.0,1057347106.1333332,8589934592.0,475303936.0,100000000000.0,2.935094389967314,8.0,957739085.6513909,8
2020-11-07 07:05:37.289999962,0.0,1047664442.6961796,3.384425628375644,4.336422428164982,12.0,989073954.1333334,8589934592.0,474599424.0,100000000000.0,1.6001066737782519,8.0,1061268617.7745183,8
2020-11-07 07:05:52.289999962,0.0,1052502698.6666667,3.5000666666661955,3.69733333333473,12.0,1089931886.140924,8589934592.0,474599424.0,100000000000.0,2.2,8.0,1058962343.2,8
2020-11-07 07:06:07.289999962,0.0,936490598.4,3.045866666666795,3.3593333333381454,12.0,942735949.8633242,8589934592.0,474775552.0,100000000000.0,2.533333333333333,8.0,952623142.5333333,8
2020-11-07 07:06:22.289999962,0.0,1025411811.6048231,3.444940377056794,3.549930051296492,12.0,1030113416.5333333,8589934592.0,474775552.0,100000000000.0,0.8660315768436481,8.0,1038558969.4224236,8
2020-11-07 07:06:37.289999962,0.0,1066974117.1447632,3.563909272848975,3.662441627742825,12.0,1041912354.1333333,8589934592.0,475414528.0,100000000000.0,0.066711140760507,8.0,1073318489.9266177,8
2020-11-07 07:06:52.289999962,0.0,994904424.6503189,3.309943231696014,3.581436179555112,12.0,1020385314.1333334,8589934592.0,475414528.0,100000000000.0,1.3460525545736526,8.0,1016163482.5305789,8
2020-11-07 07:07:07.289999962,0.0,1074742879.8017347,3.5317534076832584,3.6939281288741705,12.0,1061251481.5999999,8589934592.0,475914240.0,100000000000.0,0.0,8.0,1081144009.2162328,8
2020-11-07 07:07:22.289999962,0.0,981236787.9474703,3.265915605625941,3.5262982467805983,12.0,977542749.4167056,8589934592.0,475914240.0,100000000000.0,0.6666222251849877,8.0,987037950.269982,8
2020-11-07 07:07:37.289999962,0.0,1037742146.5420065,3.4567999469532147,3.6567866852369346,12.0,1032893008.8672577,8589934592.0,475348992.0,100000000000.0,2.3871096081161727,8.0,1061850154.3001127,8
2020-11-07 07:07:52.289999962,0.0,1031115492.45928,3.4427240431664985,3.616328172120136,12.0,1031915383.4666667,8589934592.0,475348992.0,100000000000.0,0.46920034854883036,8.0,1037540451.5047926,8
2020-11-07 07:08:07.289999962,0.0,968807492.2666667,3.2188000000001926,3.3786666666700818,12.0,903831551.9999999,8589934592.0,475791360.0,100000000000.0,4.466666666666667,8.0,954360304.0666667,8
2020-11-07 07:08:22.289999962,0.0,916268290.9527302,3.0132008800584087,3.2403493566228434,12.0,978228838.4000001,8589934592.0,475791360.0,100000000000.0,0.2666844456297086,8.0,941473580.9720647,8
2020-11-07 07:08:37.289999962,0.0,1004480311.4459037,3.3599093393774995,3.5149656689613007,12.0,1014619340.8,8589934592.0,475074560.0,100000000000.0,0.1999866675554963,8.0,1017064682.0211986,8
2020-11-07 07:08:52.289999962,0.0,1015470194.0129341,3.3999599973331014,3.541036069067081,12.0,997948480.2346509,8589934592.0,475074560.0,100000000000.0,0.3333555570371358,8.0,1029039033.8022535,8
2020-11-07 07:09:07.289999962,0.0,1021927970.1333333,3.3154666666669073,3.6813333333314713,12.0,1023790270.8180544,8589934592.0,474603520.0,100000000000.0,0.6,8.0,1041900532.4666667,8
2020-11-07 07:09:22.289999962,0.0,1016474511.2992468,3.337110859276136,3.5829611359275315,12.0,1037877862.4000001,8589934592.0,474603520.0,100000000000.0,58.52943137124192,8.0,1023001990.3339778,8
2020-11-07 07:09:37.289999962,0.0,1028877516.8,3.2112666666665364,3.552666666661389,12.0,1019437329.0666667,8589934592.0,474476544.0,100000000000.0,3.0,8.0,1035437497.1333333,8
2020-11-07 07:09:52.289999962,0.0,1018285425.9617307,3.417761184078872,3.479031935474162,12.0,999754616.113744,8589934592.0,474476544.0,100000000000.0,2.066804453630242,8.0,1003715955.4636976,8
2020-11-07 07:10:07.289999962,0.0,1009074722.1333334,3.4220666666663115,3.5599999999937904,12.0,1022336484.0626688,8589934592.0,475209728.0,100000000000.0,2.1333333333333333,8.0,1035490874.0666667,8
2020-11-07 07:10:22.289999962,0.0,1032396800.0,3.360000000000582,3.5879999999965846,12.0,1006800520.5333333,8589934592.0,475209728.0,100000000000.0,2.7333333333333334,8.0,1040791354.8,8
2020-11-07 07:10:37.289999962,0.0,1030634154.6666665,3.237666666666337,3.5920000000003105,12.0,1048155750.4,8589934592.0,475566080.0,100000000000.0,0.3333333333333333,8.0,1042162004.8666667,8
2020-11-07 07:10:52.289999962,0.0,1042709280.7146192,3.4173055129657364,3.610292647158408,12.0,1036601036.8000001,8589934592.0,475566080.0,100000000000.0,0.33331111259249385,8.0,1055785617.0921938,8
2020-11-07 07:11:07.289999962,0.0,1080318088.5333333,3.5683999999998677,3.6300000000007753,12.0,1071167624.5333333,8589934592.0,475090944.0,100000000000.0,0.2,8.0,1087236261.2666667,8
2020-11-07 07:11:22.289999962,0.0,1034409995.3330222,3.467031135409539,3.617707847187174,12.0,1035266150.2566495,8589934592.0,475090944.0,100000000000.0,0.3333555570371358,8.0,1040767390.159344,8
2020-11-07 07:11:37.289999962,0.0,1028717458.3027797,3.427771481900848,3.5422971801882976,12.0,1048830225.0666667,8589934592.0,475357184.0,100000000000.0,2.866475568295447,8.0,1034777949.5366976,8
2020-11-07 07:11:52.289999962,0.0,1054681358.490566,3.5561704113609958,3.7390492699607996,12.0,995274274.1333333,8589934592.0,475357184.0,100000000000.0,0.0,8.0,1078869624.9749982,8
2020-11-07 07:12:07.289999962,0.0,1002644606.6262251,3.16238917405472,3.4356376241563713,12.0,998015093.1602993,8589934592.0,475492352.0,100000000000.0,4.999666688887408,8.0,987358431.5045664,8
2020-11-07 07:12:22.289999962,0.0,986266828.8,3.3004666666667615,3.549333333328832,12.0,999720489.7959185,8589934592.0,475492352.0,100000000000.0,3.2666666666666666,8.0,1020500760.2,8
2020-11-07 07:12:37.289999962,0.0,1011815219.2,3.4051333333336515,3.48933333333116,12.0,1052403302.4,8589934592.0,474918912.0,100000000000.0,0.4,8.0,1017856941.2,8
2020-11-07 07:12:52.289999962,0.0,1060852803.5202346,3.546236415760963,3.6657110474103014,12.0,1041361578.6666667,8589934592.0,474918912.0,100000000000.0,0.0,8.0,1067845531.8354557,8
2020-11-07 07:13:07.289999962,0.0,992236066.1333332,3.266333333333266,3.4886666666638724,12.0,1007752533.3333333,8589934592.0,475779072.0,100000000000.0,0.4,8.0,998211330.0,8
2020-11-07 07:13:22.289999962,0.0,1068616665.0223318,3.508632757816012,3.7042863809039037,12.0,1035936262.9207528,8589934592.0,475779072.0,100000000000.0,0.0,8.0,1075392971.8685422,8
2020-11-07 07:13:37.289999962,0.0,982127077.271818,3.2412160810724204,3.4790319354664,12.0,988389864.2339685,8589934592.0,475590656.0,100000000000.0,0.6000400026668444,8.0,987631974.9316621,8
2020-11-07 07:13:52.289999962,0.0,1012664183.4666666,3.2508666666666004,3.5213333333376795,12.0,1036068181.3333335,8589934592.0,475590656.0,100000000000.0,3.0,8.0,1018827254.8666667,8
2020-11-07 07:14:07.289999962,0.0,1067447419.7056093,3.532886885028474,3.667683331117636,12.0,1018614718.2084777,8589934592.0,475201536.0,100000000000.0,0.2652168147460549,8.0,1073290958.8913937,8
2020-11-07 07:14:22.289999962,0.0,973237494.2020242,3.2520946444129226,3.359608552853316,12.0,1009027584.9559882,8589934592.0,475201536.0,100000000000.0,8.11046316777264,8.0,962700304.3099403,8
2020-11-07 07:14:37.289999962,0.0,1000448819.2,3.146600000000035,3.5553333333305392,12.0,1004486500.4969189,8589934592.0,475176960.0,100000000000.0,0.8666666666666667,8.0,1029884777.2,8
2020-11-07 07:14:52.289999962,0.0,1056914100.4066937,3.493966264417563,3.7637175811734753,12.0,962406128.6643858,8589934592.0,475176960.0,100000000000.0,0.0,8.0,1070463531.3687578,8
2020-11-07 07:15:07.289999962,0.0,1008206916.2666667,3.3388000000001434,3.5093333333342644,12.0,1067064725.8182788,8589934592.0,475418624.0,100000000000.0,0.4666666666666667,8.0,1014324856.5333333,8
2020-11-07 07:15:22.289999962,0.0,1018544764.7490166,3.3585760949271,3.548963402438596,12.0,1039024310.4206947,8589934592.0,475418624.0,100000000000.0,0.5332977801479901,8.0,1034793328.5780948,8
2020-11-07 07:15:37.289999962,0.0,1036051306.0304838,3.398674618952712,3.604373757454188,12.0,1020005362.4850019,8589934592.0,475009024.0,100000000000.0,0.13253810470510272,8.0,1042172453.6779324,8
2020-11-07 07:15:52.289999962,0.0,1008380857.7369373,3.3192702394532336,3.4846066134583964,12.0,1026134977.5318354,8589934592.0,475009024.0,100000000000.0,2.884163927828828,8.0,1004732913.2738614,8
2020-11-07 07:16:07.289999962,0.0,955011345.0666667,2.944466666666267,3.350666666663407,12.0,963116922.4614974,8589934592.0,475246592.0,100000000000.0,1.2666666666666666,8.0,980817048.6666666,8
2020-11-07 07:16:22.289999962,0.0,1032613859.8760083,3.481834544363936,3.5822945137017252,12.0,858787293.8666667,8589934592.0,475246592.0,100000000000.0,0.26664889007399506,8.0,1000748427.6381575,8
2020-11-07 07:16:37.289999962,0.0,862237491.1999999,2.627666666666482,3.286666666669771,12.0,1021822020.2666667,8589934592.0,475762688.0,100000000000.0,3.466666666666667,8.0,923276019.0,8
2020-11-07 07:16:52.289999962,0.0,1066793169.7668943,3.5736402166232217,3.73228161054177,12.0,1086495878.408106,8589934592.0,475762688.0,100000000000.0,0.0,8.0,1086283424.1229103,8
2020-11-07 07:17:07.289999962,0.0,1037368744.6007226,3.478441318884706,3.533779109989407,12.0,1034096732.8488566,8589934592.0,475418624.0,100000000000.0,0.3842902159711014,8.0,1047588866.3438629,8
2020-11-07 07:17:22.289999962,0.0,1078950570.6666667,3.5265333333334032,3.637333333325417,12.0,1065175995.7333333,8589934592.0,475418624.0,100000000000.0,0.3333333333333333,8.0,1085390164.1333334,8
2020-11-07 07:17:37.289999962,0.0,1002055270.4000001,3.2963333333328286,3.5206666666742725,12.0,981256942.9333332,8589934592.0,475615232.0,100000000000.0,0.13333333333333333,8.0,1007599593.2,8
2020-11-07 07:17:52.289999962,0.0,1032212480.0,3.43713333333338,3.518666666660768,12.0,1017941327.6448236,8589934592.0,475615232.0,100000000000.0,0.2,8.0,1038383301.2,8
2020-11-07 07:18:07.289999962,0.0,1019318935.146304,3.3943877891088095,3.5302272878836725,12.0,1019163803.4535635,8589934592.0,475652096.0,100000000000.0,2.3995200959808036,8.0,1015772803.2393521,8
2020-11-07 07:18:22.289999962,0.0,943736370.1826911,3.1170156020802633,3.3547139618549062,12.0,947375308.8,8589934592.0,475807744.0,100000000000.0,3.3337778370449396,8.0,933339773.1030805,8
2020-11-07 07:18:37.289999962,0.0,1023547801.6,3.3021999999999627,3.6320000000065193,12.0,941090440.5333333,8589934592.0,475807744.0,100000000000.0,2.0,8.0,1061606398.4,8
2020-11-07 07:18:52.289999962,0.0,881794329.755317,2.9023268217880682,3.1463430895361983,12.0,982529399.3733752,8589934592.0,475807744.0,100000000000.0,2.466831122074805,8.0,905992963.9309287,8
2020-11-07 07:19:07.289999962,0.0,1030553817.2656146,3.456703354992586,3.5072271581973533,12.0,1039195886.9333334,8589934592.0,475738112.0,100000000000.0,0.0,8.0,1036589941.3207797,8
2020-11-07 07:19:22.289999962,0.0,1057256951.7684885,3.4737406216508173,3.5767684887519082,12.0,1075867009.8006532,8589934592.0,475738112.0,100000000000.0,0.2679528403001072,8.0,1062667857.9849945,8
2020-11-07 07:19:37.289999962,0.0,1074979761.4409606,3.436691127418253,3.623749166108411,12.0,1004062274.2483834,8589934592.0,474963968.0,100000000000.0,0.133422281521014,8.0,1089053056.5710473,8
